Date,AZ-Phoenix,CA-Los Angeles,CA-San Diego,CA-San Francisco,CO-Denver,DC-Washington,FL-Miami,FL-Tampa,GA-Atlanta,IL-Chicago,MA-Boston,MI-Detroit,MN-Minneapolis,NC-Charlotte,NV-Las Vegas,NY-New York,OH-Cleveland,OR-Portland,TX-Dallas,WA-Seattle
1/1/00,100,100,100,100,100,100,100,100,100,100,100,100,100,100,100,100,100,100,100,100
2/1/00,100.43,100.62,101.07,102.7,100.73,100.53,100.21,100.51,100.8,100.52,100.36,100.44,100.22,100.43,100.33,100.54,99.63,100.52,101.82,100.48
3/1/00,101.42,102.13,103.26,106.56,101.99,101.7,100.74,100.75,101.18,101.53,101.31,100.65,100.58,100.92,100.9,101.27,100.35,100.91,102.04,102.24
4/1/00,102.13,103.7,105.42,110.97,103.07,103.34,101.83,102.02,102.5,102.78,103.27,101,102.01,102.27,101.2,102.41,101.42,101.99,103.2,103.46
5/1/00,102.98,104.99,107.15,115.01,105.26,104.91,102.81,103.26,103.38,104.38,105.85,102.09,103.74,102.68,101.93,104.35,102.3,102.29,104.11,104.78
6/1/00,103.89,106.36,109.64,118.45,107.32,106.29,103.49,104.35,104.58,106.08,108.48,103.19,105.49,103.27,102.44,106,102.65,102.7,104.28,105.28
7/1/00,104.35,107.23,111.21,119.48,108.93,107.72,103.67,105.45,104.81,107.01,110,104.4,106.74,102.85,103.14,107.52,102.6,102.98,104.66,105.82
8/1/00,104.92,108.18,112.84,119.95,110,109.1,104.37,105.79,105.09,107.39,111.38,104.7,108.01,103.02,103.73,108.9,102.92,103.3,105.04,105.88
9/1/00,105.34,108.94,113.66,120.94,111.35,110.18,105.23,106.14,105.08,107.3,112.67,105.32,109.32,102.88,104.51,109.76,103.05,103.31,105.73,106.1
10/1/00,105.67,109.56,114.22,123.08,112.33,110.5,106.25,106.65,105.56,107.29,114.11,105.58,110.57,102.88,105.16,110.51,103.59,103.33,105.69,106.08
11/1/00,105.93,110.12,115.49,125.66,113.35,110.99,107.56,108.18,106.04,107.43,115.36,106.58,111.99,102.95,105.34,110.89,103.45,103.21,106.19,106.33
12/1/00,105.88,110.12,116.32,128.58,114.24,111.96,108.89,110.09,106.35,107.86,116.56,106.9,112.23,102.41,105.36,111.87,103.92,103.84,106.2,106.73
1/1/01,105.93,110.88,117.54,131.16,114.75,112.73,110.28,110.82,106.63,108.35,117.67,107.18,113.13,102.86,105.23,112.66,103.94,103.92,106.49,106.7
2/1/01,106.27,111.32,118.46,133.27,115.79,113.99,110.76,111.41,106.9,108.63,118.51,106.98,113.57,103.15,105.39,113.51,103.93,104.01,107.09,106.72
3/1/01,107.05,112.98,121.19,134.1,116.33,115.4,111.94,111.61,107.24,109.38,119.94,107.28,115.15,103.7,106.21,114.48,104.07,104.32,108.33,107.41
4/1/01,107.85,114.12,122.93,134.38,117.95,117.9,113.32,113.14,108.08,110.63,121.54,107.6,116.05,103.81,107.4,115.6,104.37,105.14,109.77,108.97
5/1/01,108.65,115.31,124.3,134.09,119.2,119.3,114.84,113.62,108.74,112.12,123.11,108.3,117.53,104.58,108.56,116.38,105.37,106.11,110.45,109.76
6/1/01,109.19,116.47,125.28,132.64,120.45,120.93,115.97,115.32,109.77,113.79,125.12,109.07,119.55,104.94,109.76,117.9,106.31,107.13,111.2,110.56
7/1/01,109.85,117.36,126.34,130.95,121.12,122.31,117.08,116.57,110.24,115.2,126.76,110.08,121.67,105.49,110.93,119.66,107.2,108.03,111.12,110.84
8/1/01,110.36,118.67,127.19,129.15,121.78,123.61,118.3,118.27,110.71,116.19,128.26,110.91,122.86,105.18,111.74,121.41,107.82,108.83,111.39,111.23
9/1/01,110.75,119.51,128.19,128.6,122.41,124.5,119.67,118.38,111.09,116.69,129.62,111.53,124.22,105.16,112.54,122.91,107.92,109,111.22,111.72
10/1/01,111.2,120.16,129.14,128.01,122.36,124.87,121.32,119.05,111.24,116.82,130.51,111.66,125.22,104.59,112.73,123.86,107.48,108.93,111.43,111.94
11/1/01,111.31,120.48,129.71,126.99,121.93,124.93,122.89,119.59,111.17,116.77,130.94,111.47,126.27,104.33,113.3,124.74,106.63,108.4,111.37,111.97
12/1/01,111.57,120.65,129.31,125.47,121.32,125.65,124.02,120.21,111.01,116.88,130.06,111.52,126.55,104.05,113.32,124.72,106.1,108.12,111.62,111.58
1/1/02,111.61,121.45,128.79,125.13,121.3,125.99,124.52,120.33,111.18,116.96,129.93,111.31,126.18,104.12,113.7,125.19,106.21,108.13,111.76,111.79
2/1/02,112.05,122.26,129.82,126.06,121.21,127.19,125.06,120.4,111.67,117.29,129.63,111.53,125.92,104.48,113.96,125.4,106.45,108.53,111.4,112.07
3/1/02,112.63,124.12,131.76,128.79,122.05,128.47,126.35,122.07,112.02,117.66,131.21,111.53,126.72,105.17,114.32,126.5,106.94,110.18,112.37,112.74
4/1/02,113.34,126.23,135.04,132.62,122.7,130.78,127.84,123.35,112.39,118.97,133.34,111.56,127.53,105.98,114.72,127.93,107.82,110.65,113.14,113.4
5/1/02,114.05,128.73,138.14,136.07,123.95,133.4,129.83,124.76,113.01,120.38,136.76,112.23,129.39,106.38,115.63,129.89,108.69,111.61,113.81,114.18
6/1/02,114.83,131.59,141.41,139.35,124.75,135.67,131.59,125.7,113.75,121.56,139.56,113.32,131.06,106.86,116.7,132.2,109.79,111.87,113.96,114.84
7/1/02,115.41,133.97,144.15,141.02,125.46,138.48,133.39,127.18,114.31,122.77,141.77,114.44,132.75,106.9,117.61,135.18,110.25,113.06,113.98,115.28
8/1/02,115.9,136.59,147.25,141.93,125.55,140.68,134.91,128.18,114.68,123.49,143.66,115.04,134.11,107.37,118.34,137.74,110.44,112.94,114.42,115.49
9/1/02,116.14,138.62,149.54,142.29,125.66,142.39,136.76,128.9,114.76,124.07,145.85,115.48,135.11,107.57,118.91,139.69,110.2,113.03,114.5,115.62
10/1/02,116.42,140.76,151.87,142.74,125.69,143.3,138.62,129.48,114.86,124.66,147.43,115.5,136.52,107.45,119.98,141.58,110.16,112.86,114.15,115.88
11/1/02,116.59,142.07,153.58,143.06,125.84,143.77,140.09,130.43,114.91,125.38,148.33,116.12,137.26,107.23,120.93,143.29,109.65,113.09,113.8,115.87
12/1/02,116.7,143.26,154.43,142.4,125.41,144.96,141.98,132.18,114.91,126.27,147.28,115.92,138.53,107.18,121.73,145.2,109.98,113.51,113.82,116.18
1/1/03,117.1,144.27,155.4,141.9,124.81,145.19,143.78,133.22,115.12,126.77,146.79,115.52,138.59,107.68,121.94,146.55,110.15,113.69,113.89,115.8
2/1/03,117.72,145.3,156.17,142.19,124.33,146.01,145.46,134.29,115.23,127.48,147.18,114.68,138.88,107.85,122.46,147.3,110.58,114.18,113.38,116.27
3/1/03,118.75,147.23,157.75,143,124.87,146.75,147.09,134.56,115.84,128.26,148.99,115.3,138.95,107.8,122.94,148.38,110.82,114.84,112.93,117.04
4/1/03,119.37,149.65,160.23,144.69,125.17,148.92,148.36,136.16,116.06,129.05,150.42,116.34,139.73,107.69,124.46,149.53,111.88,115.86,113.22,118.23
5/1/03,120,152.27,162.55,145.53,125.67,151.53,149.75,137.85,116.88,130.52,152.15,117.44,141.29,107.86,125.68,150.88,113.04,116.94,113.91,119.23
6/1/03,120.79,154.98,165.26,146.53,125.61,154,150.67,138.7,117.35,131.43,153.3,117.77,142.44,108.75,127.38,151.86,114.03,118.28,114.96,120.15
7/1/03,121.79,158.34,167.98,147.75,126.07,156.47,152.65,139.61,117.79,132.5,154.21,118.19,144.3,109.03,129.3,153.5,114.71,119.21,115.29,120.84
8/1/03,122.89,161.89,171.27,148.72,126.72,158.7,155.07,140.14,118.17,133.01,154.97,118.36,145.77,109.46,131.85,155.14,115.55,119.95,115.39,121.88
9/1/03,123.82,165.29,175.03,150.25,126.94,161.01,157.28,142.36,118.53,133.94,156.38,118.88,147.4,109.24,134.16,157.1,116.08,120.49,115.26,122.42
10/1/03,124.75,168.4,178.7,151.75,127.05,162.65,159.59,143.73,118.4,134.87,157.63,119.52,148.46,110.18,136.77,158.73,116.46,121.03,114.89,123.43
11/1/03,125.53,171.11,181.79,153.36,127.08,164.14,161.11,145.27,118.45,135.91,158.63,119.81,149.35,110.53,139.16,160.59,116.12,121.66,114.59,123.53
12/1/03,126.33,173.98,184.11,154.62,126.98,165.79,162.93,145.61,118.31,137.09,158.58,119.82,149.43,110.65,142.69,162.31,116.14,122.1,114.05,124.38
1/1/04,126.61,177.01,186.33,155.93,127.2,167.79,164.82,147.9,118.67,137.65,158.54,119.57,149.7,109.75,145.95,163.63,115.62,122.06,114,124.42
2/1/04,127.28,180.49,189.89,158.11,127.21,169.51,166.65,149.04,118.65,138.1,159.19,119.3,149.95,109.63,149.93,164.92,115.47,122.41,113.8,125.22
3/1/04,128.5,186.55,196.4,160.9,127.73,172.3,170,151.56,119.06,138.08,161.1,119.91,150.77,110.42,157.87,166.61,115.59,122.75,113.25,126.33
4/1/04,130.1,193.22,203.64,164.65,128.34,176.62,172.61,152.53,120.1,139.26,164.29,120.49,152.2,111.66,166.32,168.3,117.05,124.97,114.2,128.23
5/1/04,131.95,199.58,210.94,167.76,129.12,182.19,176.4,154.96,120.88,141.28,166.59,121.32,153.71,112.58,174.98,170.52,117.9,126.56,115.37,130.15
6/1/04,134,206.38,218.18,171.51,130.45,188.02,179.64,157.77,121.49,142.57,168.57,121.63,155.98,113.46,185.55,172.9,118.63,128.19,116.4,131.94
7/1/04,136.42,211.08,224.22,173.85,131.1,192.08,183.12,160.22,122.23,143.96,169.69,122.01,157.15,113.82,195.03,175.74,119.02,129.53,116.93,133.27
8/1/04,138.66,213.49,227.67,175.89,131.83,195.39,186.78,163.09,122.86,144.76,170.9,122.26,158.61,113.54,201.71,177.93,119.46,130.89,117.18,134.21
9/1/04,141.64,215.08,230.64,178.15,131.87,198.24,190.68,165.89,123.37,146.04,172.18,122.76,159.36,113.4,205.49,179.79,119.75,132.47,116.98,135.22
10/1/04,145.07,215.74,232.28,180.75,132.18,200.79,194.29,168.7,123.27,146.89,173.97,123.03,160.1,113.34,207.07,181.9,119.55,133.67,116.76,136.08
11/1/04,148.59,216.58,232.63,183.15,132.16,203.31,197.64,171.33,123.27,147.86,174.04,123.25,160.5,113.75,207.48,183.69,119.41,134.55,116.45,137.38
12/1/04,152.38,217.34,233.08,185.72,132.4,206.06,201.37,174.06,123.53,148.85,173.42,123.21,160.49,114.15,207.62,185.16,119.58,134.96,116.58,138.61
1/1/05,155.49,219.41,233.78,189.35,132.34,208.63,205.42,177.04,123.84,149.69,173.43,123.06,161.01,114.26,207.35,187.19,120.1,135.46,116.39,140.18
2/1/05,160,222.29,235.64,193.5,132.63,212.24,209.67,180.06,124.21,151.02,174.76,123.19,161.03,114.32,209.31,189.29,120.11,136.35,116.46,141.31
3/1/05,165.96,226.75,236.56,198.3,132.73,217.86,215.44,183.74,124.7,151.85,176.92,123.46,161.11,114.31,210.98,192.17,119.72,138.3,117.37,143.7
4/1/05,173.08,231.59,239.58,201.86,133.85,224.09,221.42,187.22,125.92,153.28,179.04,124.33,162.08,114.91,214.52,194.1,120.65,141.14,118.37,146.21
5/1/05,180.16,236.68,242,205.52,134.82,229.87,227.1,191.36,127.12,154.72,181.17,125.32,163.47,116.09,217.28,195.96,121.87,144.36,119.47,148.97
6/1/05,188.96,241.7,245.35,208.92,135.71,235.38,233.42,196.6,128.53,156.16,181.33,125.47,165.04,117.97,219.87,197.77,122.43,148.37,120.03,151.79
7/1/05,197.15,246.37,247.33,211.56,136.47,239.5,238.98,201.65,129.03,157.38,181.9,125.77,166.09,119.02,221.93,199.86,122.78,151.82,120.83,154.11
8/1/05,204.94,251.1,248.45,212.86,137.19,242.06,245.24,207.21,129.51,157.81,181.67,125.65,167.15,119.83,224.51,202.33,123.16,155.04,121.15,156.61
9/1/05,211.45,255.85,249.03,214.73,137.6,244.11,251.21,213.19,129.49,159.32,182.45,126.03,168.42,119.6,226.59,204.83,123.17,158.22,121.62,158.99
10/1/05,215.95,260.16,249.79,215.55,137.69,245.44,256.99,219.16,129.63,160.47,182.07,126.28,169.43,120.29,227.81,207.64,123.13,160.44,121.66,161.06
11/1/05,219.12,262.56,250.34,215.7,137.53,246.7,261,223.85,129.83,162.44,181.69,126.68,170.34,120.26,228.77,210.3,122.72,162.49,122.11,162.73
12/1/05,220.75,264.77,248.55,215.11,137.5,247.37,264.83,226.75,130.21,163.16,179.44,127.05,170.33,120.82,229.42,212.68,122.71,164,122.2,164.2
1/1/06,221.81,265.92,247.46,214.78,137.42,247.7,268.25,228.98,130.59,163.98,178.17,126.66,169.56,119.96,230.48,213.5,122.12,165.33,121.91,165.49
2/1/06,222.65,267.75,247.89,215.5,137.12,248.39,271.68,230.91,130.61,164.67,176.28,126.39,169.32,120.51,231.94,214.47,121.04,167.03,121.33,167.09
3/1/06,223.53,268.23,248.09,216.04,136.93,248.86,274.02,233.57,130.62,164.89,177.12,126.12,168.71,121.41,232.38,214.33,120.58,169.87,121.52,169.46
4/1/06,225.12,270.44,249.35,217.52,137.28,250.17,276.37,235.85,131.51,165.58,177.62,124.3,169.69,123.38,233.78,214.97,120.85,172.59,122.4,172.28
5/1/06,226.51,272.12,249.14,218.37,138.31,251.07,278.68,237.92,132.72,166.61,178.61,123.78,170.38,124.7,234.39,215.57,121.8,175.2,123.29,174.84
6/1/06,227.42,273.22,249.6,218.12,139.46,250.99,278.22,237.68,134.01,167.1,177.9,123.12,170.9,126.48,233.75,215.83,122.93,177.72,124.5,177.81
7/1/06,227.38,273.85,249.05,217.63,140.26,249.92,278.33,238.09,134.9,167.57,177.79,123.24,170.74,127.96,234.29,215.25,123.49,179.66,125.37,179.96
8/1/06,227.01,273.8,247.3,217.22,140.28,247.94,276.8,236.82,135.27,167.99,177.28,123,170.97,128.72,234.78,214.34,123.39,181.02,125.7,181.84
9/1/06,225.2,273.94,246.6,216.37,139.65,244.78,277.23,236.42,135.1,168.6,176.34,122.54,171.12,129.04,234.71,214.09,122.27,181.71,125.19,183.08
10/1/06,224.5,273.66,244.03,215.42,138.62,243.73,278.91,234.02,134.73,168.59,175.72,121.79,170.64,128.51,233.8,214.29,121.43,181.62,124.58,183.79
11/1/06,223.13,273.05,242.11,213.84,137.65,242.28,280.3,232.86,134.18,168.18,172.59,120.94,169.85,128.94,232.56,214.24,120.3,181.34,123.85,183.88
12/1/06,221.5,270.03,238.08,212.13,137.11,240.45,280.87,230.91,134.01,167.65,170.31,119.51,168.82,128.88,231.57,213.79,119.59,180.27,123.67,183.97
1/1/07,220.2,268.68,237.15,211.78,135.86,238.85,279.42,228.86,133.45,167.52,168.29,117.96,167.95,129.43,230.52,212.78,118.61,179.79,122.64,183.92
2/1/07,218.07,266.63,235.53,210.78,134.86,237.98,279.43,228.46,133.3,167.49,168.04,116.85,166.83,129.31,229.64,212.52,117.62,179.9,122.73,184.85
3/1/07,216.86,264.58,233.27,211.09,134.2,237.14,276.89,226.58,133.22,167.04,168.52,116.44,165.56,130.44,228.55,212.4,117.6,181.72,123.16,186.44
4/1/07,215.04,263.37,232.66,211.47,134.86,236.17,273.53,224.13,134.27,165.87,169.61,114.38,164.78,131.98,226.65,211.62,117.57,183.55,124.71,188.89
5/1/07,213.94,263.19,231.78,210.89,136.32,235.41,269.52,221.96,135.03,165.68,170.96,112.16,164.4,133.42,224.79,210.51,118.37,185.21,125.49,190.68
6/1/07,212.52,262.12,231.36,209.48,138.09,234.02,264.89,219.28,136.11,165.94,171.29,110.72,164.29,135.05,221.86,209.49,118.35,185.76,126.47,191.92
7/2/07,210.78,260.84,229.66,208.64,139.24,232.17,260.39,217.14,136.47,166.13,171.77,111.86,164.97,135.6,219.91,208.37,118.68,186.51,126.3,192.3
8/1/07,208.86,258.07,226.73,208.15,139.72,230.21,255.29,212.92,136.44,165.77,170.84,111.59,164.67,135.88,216.83,207.18,118.36,186,126.31,192.14
9/1/07,205.28,254.79,222.82,206.46,138.44,229.25,249.61,210.14,135.55,164.42,170.73,110.83,164.2,135.13,213.47,206.39,117.35,185.67,125.42,191.66
10/1/07,200.72,249.5,217.02,202.03,136.09,227.56,244.35,206.38,133.86,163.12,169.33,108.15,162.12,133.98,208.68,205.54,115.91,185.1,124.45,189.86
11/1/07,194.45,240.43,209.6,195.49,133.36,223.85,237.99,203.45,131.34,161.61,167.39,105.24,159.09,132.68,201.95,204.38,113.27,183.65,122.39,187.14
12/1/07,187.67,233.03,202.45,189.23,130.98,218.35,231.71,200.13,129.61,160.03,164.58,103.3,155.72,131.9,196.05,202.09,112.04,182.47,120.78,184.88
1/1/08,180.06,224.41,197.45,183.81,128.95,213.2,225.4,194.64,127.76,156.42,162.59,100.17,151.06,131.7,186.05,200.44,108.49,178.81,118.49,181.62
2/1/08,172.72,214.83,190.34,174.54,127.46,207.95,218.74,188.59,125.98,153.29,160.31,97.61,145.98,131.22,177.18,198.31,106.82,176.24,117.76,179.85
3/1/08,166.97,207.11,185.42,168.38,127.4,203.39,208.88,182.26,124.46,150.33,158.52,95.57,142.29,131.52,169.31,196.52,106.42,174.39,119.01,178.29
4/1/08,161.33,202.45,180.56,164.63,128.49,201.32,200.42,178.5,123.62,150.43,158.68,93.76,139.4,131.81,165.71,194.72,109.55,174.87,120.44,179.57
5/1/08,157.32,198.54,178.03,162.7,129.73,199.27,193.19,177.14,124.29,149.94,160.34,92.76,140.23,133.16,161.1,194.23,108.88,175.53,121.6,178.67
6/1/08,153.19,195.7,175.37,159.83,131.66,197.6,189.87,175.11,124.61,150.11,162.29,92.68,141.53,133.45,158.8,194.74,109.68,175.03,122.49,178.28
7/1/08,149.09,192.55,172.2,156.88,132.67,195.44,186.84,175.07,124.74,149.55,162.56,93.21,143.45,133.2,154.64,193.7,109.37,174.21,123.21,176.51
8/1/08,144.83,189.18,168.23,151.42,132.63,194.14,183.48,174.3,124.32,149.46,162.73,92.44,142.17,132.1,150.93,193.48,110.54,171.93,123.04,175.24
9/1/08,139.79,184.54,164.12,145.53,130.95,190,178.72,171.24,122.71,147.83,160.98,90.17,140.74,130.4,146.86,191.66,109.87,169.67,122.06,172.82
10/1/08,135.18,179.82,159.12,139.44,129.04,184.83,173.42,165.44,119.79,145.48,159.17,86.1,135.97,128.02,142.74,189.66,108.76,166.44,120.59,170.45
11/1/08,130.54,175.85,155.47,135.28,127.66,180.27,169.62,160.86,116.46,141.39,155.03,83.42,132.91,125.61,138.04,186.52,107.43,162.62,118.25,166.23
12/1/08,123.93,171.4,152.16,130.12,125.74,175.56,165.01,156.02,113,137.16,153.05,80.89,126.28,122.37,131.4,183.45,105.21,158.5,115.44,160.19
1/1/09,117.13,166.55,148.26,124.4,122.33,171.98,158.97,149.26,109.44,130.85,150.73,77.47,120.42,121,125.68,180.93,102.89,153.8,112.6,154.38
2/1/09,111.95,163.17,146.83,120.35,120.21,168.05,154.23,145.33,106.65,126.38,148.77,74.51,116.43,119.04,121.11,177.84,97.76,150.88,112.26,152.13
3/1/09,106.92,160.89,144.58,117.71,120.37,165.94,148.75,141.48,105.07,122.5,145.83,70.94,109.58,119.39,116.53,173.6,96.86,147.68,112.36,149.05
4/1/09,104.45,159.37,144.43,118.46,122.15,167.3,145.78,140.41,105.42,122.37,146.45,69.92,108.62,118.69,112.4,170.69,98.07,146.85,114.3,149.38
5/1/09,103.56,159.18,145.06,120.16,123.78,169.49,144.59,140.35,105.98,123.73,148.77,70.05,109.87,119.8,109.5,171.17,102.11,146.97,116.5,148.96
6/1/09,104.73,160.9,147.31,124.7,126.92,173.21,145.38,140.9,107.62,124.99,152.71,69.49,113.76,120.54,107.31,172.34,106.38,148.47,119.73,149.53
7/1/09,106.66,163.97,150.99,128.86,128.79,176.45,147.27,142.84,110.09,128.32,154.53,70.24,119.36,121.23,106.08,173.91,107.93,150.06,121.26,149.44
8/1/09,108.41,166.62,153.34,132.47,130.07,179.57,148.91,143.43,111.27,130.55,155.94,71.59,122.98,120.72,105.78,175.13,107.42,150.46,121.5,149.54
9/1/09,109.26,168.03,154.76,134.16,129.44,180.71,149.69,142.57,111.26,132.13,155.62,72.81,125.24,119.84,104.82,174.81,105.75,149.72,120.63,148.94
10/1/09,110.71,168.43,155.37,135.81,128.9,180.08,149.09,140.27,110.12,130.75,154.71,72.88,124.8,119.05,104.71,174.42,104.97,149.88,119.91,149.26
11/1/09,111.96,169.72,156.06,136.63,128.29,179.17,149.08,139.66,109.29,129.36,153.98,72.41,124.31,118.66,104.22,172.65,104.75,150.38,119.96,148.56
12/1/09,112.48,171.38,156.29,136.4,127.2,178.8,148.66,138.85,108.62,127.26,153.78,72.56,123.64,117.79,104.38,171.85,103.86,149.95,118.83,147.54
1/1/10,111.76,172.97,156.95,135.63,125.59,177.4,148.32,138.18,107.04,125.11,153.01,71.84,122.56,117.16,103.82,171.39,103.29,147.29,117.29,145.09
2/1/10,110.11,171.81,157.92,134.67,124.54,176.57,147.52,136.54,105.65,122.57,151.42,70.55,119.85,115.98,103.4,170.56,101.53,143.69,115.27,143.56
3/1/10,109.52,170.61,160.22,136.74,125.31,175.41,146.15,136.46,103.73,119.71,151.39,67.68,117.24,114.77,102.58,169.26,103.32,143.61,115.82,143.72
4/1/10,110.06,171.78,161.39,139.77,127.5,179.51,145.04,137.09,105.69,120.43,153.56,67.81,119.35,116.05,102.82,168.89,104.77,146.25,118.18,145.14
5/1/10,111,174.67,163.11,142.16,128.24,182.58,146.33,138.29,107.86,121.9,155.95,68.34,122.7,116.39,102.35,170.47,105.85,147.98,119.92,146.82
6/1/10,110.98,175.66,163.82,142.55,129.2,185.74,146.92,138.58,109.72,124.9,157.83,70.04,125.92,117.24,101.77,172.85,107.26,148.73,121.04,146.83
7/1/10,110.3,176.27,165.02,143.23,128.72,187.15,147.88,138.24,110.02,126.17,158.83,71.17,126.79,117.03,100.91,175.02,107.31,148.33,120.75,147.04
8/1/10,108.84,175.55,163.99,142.83,128.57,187.05,147.47,137.53,108.95,126.7,158.35,71.5,126.37,116.57,101.03,175.18,107,147.02,119.36,145.93
9/1/10,107.16,175.36,162.43,141.54,127.33,186.25,145.64,136.5,106.39,124.76,156.27,70.59,123.75,115.4,101.18,174.43,103.78,144.3,117.44,145.07
10/1/10,105.97,174.05,159.99,138.84,126.58,184.96,144.03,134.92,103.3,122.28,154.34,69.24,121.5,114.12,100.97,171.5,102.13,142.16,116.11,143.13
11/1/10,104.85,173.28,160.08,137.28,125.02,183.81,143.81,133.49,100.8,119.57,152.76,68.1,119.18,113.45,100.59,169.53,100.03,139.92,114.88,141.57
12/1/10,103.1,170.99,158.97,136.02,124.1,182.9,143.11,130.65,100.06,117.86,152.52,68.07,117.39,112.41,99.48,167.92,100.21,138.23,114.67,138.7
1/1/11,101.54,169.88,157.03,133.37,122.73,181.35,141.3,129.03,100.33,115.78,152.18,67.63,113.46,111.32,99.23,165.92,99.13,135.8,114.04,135.41
2/1/11,100.81,168.23,155.05,129.96,121.26,179.96,138.44,127.62,100.68,113.26,149.83,67.58,109.74,110.11,98.28,164.45,98.52,133.66,113.78,132.85
3/1/11,100.27,167.75,153.88,129.83,120.56,177.52,137.28,126.7,100.33,110.57,147.33,65.18,105.77,108.92,97.18,162.34,97.02,132.67,112.76,132.97
4/1/11,100.36,168.18,154.5,132.02,122.32,178.48,136.99,126.43,101.81,110.12,147.06,64.47,105.9,110.35,96.47,163.92,98.1,132.84,113.28,135.14
5/1/11,100.4,169.07,154.78,134.42,123.94,180.57,138.6,127.06,102.8,112.01,150.89,65.7,108.51,111.85,95.6,165.09,99.1,134.5,114.28,136.56
6/1/11,100.69,169.66,155.06,134.9,125.97,182.67,139.46,128.52,104.32,115.61,154.46,69.47,112.44,113.56,95.67,166.82,100.65,134.52,115.9,137.46
7/1/11,100.54,170.05,155.22,135.28,125.98,185.29,141.15,129.48,104.55,117.78,155.75,72.63,115.75,113.56,95.48,169.54,101.64,135.8,116.92,137.57
8/1/11,100.43,169.38,154.91,135.2,126.48,185.97,140.75,129.49,102.04,119.4,155.58,73.6,116.02,113.41,95.18,170.2,101.96,135.91,117.11,137.09
9/1/11,100.22,168,153.72,133.22,125.57,186.32,139.83,127.35,95.99,118.47,154.39,74.16,115.84,112.85,93.8,169.96,100.67,136.1,116.44,135.59
10/1/11,100.54,165.51,152.86,132.34,125.38,182.9,138.2,126.66,91.21,116.39,152.7,72.8,114.44,111.68,92.36,167.33,99.68,135.44,115.42,134.22
11/1/11,101.12,163.93,151.45,129.78,124.79,181.11,137.47,125.28,88.92,112.44,150.33,71.8,113.78,110.16,91.41,164.86,98.93,133.26,114,132.65
12/1/11,101.91,162.11,150.42,128.72,123.62,178.38,137.74,125.08,87.3,110.16,148.53,70.46,112.36,109.06,90.7,162.41,97.75,132.76,113.18,130.99
1/1/12,102.84,160.76,148.74,125.47,122.92,176.93,138.64,124.14,85.44,107.99,147.87,70.28,111.47,108.39,90.24,160.63,95.52,129.96,112.63,130.03
2/1/12,104.12,159.53,149.07,124.64,121.81,174.56,139.53,123.91,83.27,105.26,146.26,69.95,110.59,108.55,89.88,158.87,94.22,129.6,112.72,128.99
3/1/12,106.38,159.72,149.68,125.94,123.66,176.13,140.76,125.12,82.54,102.75,145.95,68.13,109.5,110.09,89.87,157.4,94.66,129.01,114.48,131.23
4/1/12,109.01,162.16,151.75,130.23,125.81,180.99,141.33,127.65,84.48,103.98,147.16,67.87,110.45,111.65,90.84,157.95,97.04,131.62,116.42,133.84
5/1/12,111.92,165.76,153.06,135.28,128.48,185.9,143.35,130.34,87.87,108.62,150.63,71.2,113.53,112.9,92.55,160.18,99.68,135.09,118.6,137.37
6/1/12,114.68,168.57,154.76,139.01,131.06,189.28,145.62,132.95,91.75,113.56,154.4,75.08,118.85,114.49,93.94,163.27,101.9,138.51,120.14,139.89
7/1/12,117.22,170.79,156.48,141.71,132.79,191.46,148.7,134.31,94.15,116.61,157.18,77.65,123.23,115.49,94.57,165.17,102.33,140.12,121.21,141.78
8/1/12,119.28,173.01,157.84,142.37,133.48,192.38,150.12,134.9,95.8,117.45,158.26,79.48,124.6,116.59,96.03,166.41,103.13,140.8,121.38,141.69
9/1/12,120.65,174.79,160.09,143.15,134.01,191.84,150.24,134.71,96.06,116.69,157.25,80.11,125.72,115.87,97.38,166.3,102.09,141.1,121.56,142.09
10/1/12,122.39,175.85,162.1,144.15,134.03,190.25,149.97,134.05,95.6,114.88,155.11,80.82,124.94,115.4,100.14,165.16,101.61,142.44,120.74,141.82
11/1/12,124.16,176.58,163.61,146.23,134.5,188.93,151.13,133.74,95.68,113.36,153.71,80.75,125.87,114.85,100.56,162.88,100.88,142.13,120.6,142.53
12/1/12,125.33,178.59,164.31,147.24,134.14,188.73,152.37,134.02,95.95,112.61,153.81,81.14,125.96,115.05,102.41,161.96,100.71,141.29,120.51,141.75
1/1/13,126.69,180.23,163.28,147.45,134.17,187.44,153.51,135.55,96.98,111.65,153.8,81.26,125.49,115.53,104.04,161.23,100,140.74,120.53,141.3
2/1/13,128.1,182.04,164.25,148.23,133.9,186.56,153.97,136.33,97.01,110.7,153.9,80.89,124.54,115.82,105.46,161.46,99.44,141.76,120.72,140.97
3/1/13,130.29,186.3,167.84,153.96,135.79,189.67,155.89,139.78,98.25,110.73,155.71,81.23,123.2,118.34,108.36,160.25,100.03,145.52,122.31,145.2
4/1/13,132.47,192.56,174.08,161.46,138.28,194.16,159.65,142.1,102.01,113.83,159.13,82.66,126.81,120.3,111.05,161.97,102.11,148.62,125.05,149.05
5/1/13,134.97,197.54,179.56,168.41,140.98,198.04,163.74,144.61,105.51,117.92,161.94,85.86,129.53,121.79,114.09,164.64,103.68,151.91,127.61,153.74
6/1/13,137.36,202.08,184.57,173.01,143.37,200.09,167.1,147.83,109.15,121.74,164.75,88.38,132.45,123.29,117.28,167.96,105.76,154.8,129.79,156.46
7/1/13,139.36,206.33,188.33,176.87,145.63,202.97,169.07,151.17,111.54,125.69,167.02,90.73,134.83,123.85,120.58,170.47,106.33,157.26,131.48,159.5
8/1/13,141.47,210.49,191.78,178.53,146.95,204.44,170.41,153.93,113.47,127.7,168.26,92.56,137.17,125.07,124.09,172.29,106.65,159.13,132.3,160.36
9/1/13,143.14,212.83,193.51,179.91,147.3,205.25,171.7,154.24,113.99,128.03,169.02,93.89,138.32,124.79,125.74,173.23,106.76,160.18,132.59,160.87
10/1/13,144.49,214.65,194.07,179.55,146.74,204.38,173.63,154.4,113.72,127.42,168.42,94.77,139.11,125.17,127.23,173.29,105.8,160.46,132.46,160.39
11/1/13,144.86,214.79,194.15,180.19,146.44,203.71,176.02,154.7,113.37,125.87,168.78,94.72,139.07,124.17,128,172.72,105.74,159.92,132.58,160.17
12/1/13,144.48,214.84,193.87,180.55,146.26,204.06,177.57,155.23,113.35,125.29,168.65,94.6,138.14,124.07,128.53,171.96,104.2,159.84,132.84,159.32
1/1/14,144.18,214.23,194.94,181.52,146.21,203.32,178.85,155.79,113.23,123.73,167.82,93.92,137.23,123.89,129.93,171.97,104.02,159.31,132.67,158.09
2/1/14,144.1,215.25,196.97,181.91,146.13,203.45,178.57,154.63,112.6,122.61,166.98,93.42,135.96,123.55,129.85,171.29,102.38,160.61,133,159.05
3/1/14,144.71,217.61,199.41,186.69,148.22,205.53,181,154.8,113.76,123.65,168.42,93.78,137.23,124.17,131.31,170.62,103.95,162.65,134.55,162.04
4/1/14,145.37,219.54,200.78,191.2,150.6,207.55,183.02,156.55,115.88,126.07,173.53,94.86,138.37,125.5,131.91,170.8,105,165.24,136.74,165.72
5/1/14,145.97,221.75,201.98,194.72,152.59,209.32,185.22,159.27,117.22,127.95,175.35,96.17,140.24,127.19,133.33,172.3,106.15,167.09,138.53,168.1
6/1/14,146.83,223.39,203.06,195.91,154.39,210.29,186.23,161.16,118.42,129.93,176.23,97.34,141.23,127.68,135.05,175.09,106.56,168.94,140.15,169.94
7/1/14,147.24,224.56,203.64,195.48,155.36,210.49,187.64,162.02,118.95,130.98,176.38,98.13,142.09,128.21,135.92,177.03,107.13,170.06,141.22,170.87
8/1/14,147.56,224.43,203.32,194.57,156.14,210.22,188.11,162.3,119.39,131.64,176.59,98.72,142.53,128.2,136.66,177.88,107.36,170.57,142.04,170.85
9/1/14,147.42,224.47,203.18,194.65,156.41,209.17,189.34,162.54,119.04,130.96,176.4,98.34,142.41,128.79,137.07,177.42,107.31,170.77,142.41,170.31
10/1/14,147.56,225.11,203.08,196.33,157.15,208.36,190.09,163.69,118.81,129.62,175.6,98.22,141.92,128.63,137.13,176.4,106.61,170.33,142.61,170.22
11/1/14,147.76,225.77,203.99,196.67,157.32,207.17,191.26,165.01,118.95,127.87,175.27,97.29,140.95,128.26,137.55,174.77,106.36,170.47,142.77,169.66
12/1/14,147.88,226.57,203.45,197.48,158.18,206.74,192.37,165.08,119.13,126.77,174.96,96.91,140.4,128.4,137.33,174.71,105.8,170.69,142.83,169.75
1/1/15,147.84,225.94,204.67,195.75,158.49,205.24,193.66,164.67,118.82,126.55,175.73,96.69,139.83,129.03,137.56,174.76,105.68,170.73,143.43,168.83
2/1/15,148.22,227.59,205.94,200.26,160.72,205.7,194.8,164.97,118.9,126.44,175.35,97.07,139.91,130.26,137.3,174.82,104.46,171.88,144.42,170.28
3/1/15,149.19,229.67,208.52,206.34,162.96,206.88,196.66,167.12,119.95,127.6,176.12,97.9,141.14,131.22,138.74,174.37,105.14,173.87,147.17,174.12
4/1/15,150.39,232.58,209.78,210.85,166.05,209.63,198.42,168.08,121.52,128.98,176.52,99.48,142.69,132.45,140.09,175.68,106.24,176.88,148.81,178.04
5/1/15,151.48,235.32,211.57,213.64,167.86,210.98,199.93,169.33,123.23,130.52,179.26,101.03,144.36,133.39,142.11,177.27,108,179.39,150.26,180.53
6/1/15,152.83,237.14,212.09,214.58,170.08,212.51,200.56,169.79,124.83,131.92,181.87,102.68,146.01,134.23,143.13,179.52,109.41,182.16,151.62,182.43
7/1/15,153.93,238.11,214.53,215.48,171.29,213.01,201.22,171.18,125.87,132.77,183.85,103.34,147.08,134.41,144.39,180.81,110.16,184.56,153.52,183.2
8/1/15,154.82,238.27,215.22,215.14,172.78,212.88,201.95,172.11,126.21,132.93,184.56,103.75,147.45,134.37,144.88,181.66,109.83,186.51,154.67,183.83
9/1/15,155.15,238.68,216.37,216.34,173.48,211.88,203.78,172.95,126.33,132.32,184.42,103.58,147.7,134.2,144.96,181.66,109.45,187.98,155.28,184.25
10/1/15,155.92,238.91,215.62,217.83,174.21,210.77,205.09,174.08,126.03,131.27,184.14,103.27,147.51,134.51,144.89,181.4,108.74,188.88,155.83,185.16
11/1/15,156.42,239.67,216.54,218.42,174.42,210.52,206.68,174.96,125.69,130.37,183.24,103.41,147.55,134.97,144.77,180.96,108.82,189.47,156.14,186.05
12/1/15,157.22,240.54,218,217.9,174.34,210.27,206.05,176.54,125.72,129.84,182.82,103.77,146.94,135.4,145.31,180.48,108.72,190.19,156.49,186.64